{
  "name": "VVGOC",
  "symbol": "VVGOC",
  "type": "BEP20",
  "decimals": 18,
  "description": "Official Token of Vivansh Vasishta Group Of Companies (VVGOC) \u2013 a decentralized innovation venture focusing on fintech, software, and blockchain-based wealth creation systems.",
  "website": "https://ventureprojects.vvgoc.com",
  "explorer": "https://bscscan.com/token/0x52734576a92ec02876c9f45262402cae90326ea7",
  "status": "active",
  "id": "0x52734576a92ec02876c9f45262402cae90326ea7",
  "links": [
    {
      "name": "whitepaper",
      "url": "https://vvgoc.com/whitepaper.pdf"
    },
    {
      "name": "github",
      "url": "https://github.com/vvgocvp/thevvgoc"
    },
    {
      "name": "medium",
      "url": "https://medium.com/@thevvgoc"
    }
  ],
  "logo": "https://github.com/vvgocvp/assets/blob/main/blockchains/smartchain/assets/0x52734576a92ec02876c9f45262402cae90326ea7/logo.png?raw=true"
}